title,company,location,link
Software Engineer - Angular UI,"JPMorgan Chase Bank, N.A.","Hyderabad, India",https://stackoverflow.com/jobs/510563
Senior Cloud  Systems Engineer (JoinOCI),Oracle,"Bucharest, Romania",https://stackoverflow.com/jobs/512395
"Director of Engineering, Platform",ReCharge Payments,No office location,https://stackoverflow.com/jobs/512381
"Senior Software Development Engineer, Integrations",ReCharge Payments,No office location,https://stackoverflow.com/jobs/512380
"Senior Software Engineer, Platform API",ReCharge Payments,No office location,https://stackoverflow.com/jobs/463333
"Technical Product Manager, API",ReCharge Payments,"Denver, CO",https://stackoverflow.com/jobs/273825
Staff/Principal Front-End React.js Engineer,Contrast Security,No office location,https://stackoverflow.com/jobs/512361
Senior Backend and Infrastructure Engineer,Plotly Technologies Inc,No office location,https://stackoverflow.com/jobs/512347
iOS Engineer,NOCD,"Chicago, IL",https://stackoverflow.com/jobs/512343
Senior Software Engineering Manager,Ascend Analytics,"Boulder, CO",https://stackoverflow.com/jobs/443765
Full Stack Engineer - Level II,Swift Medical Inc.,No office location,https://stackoverflow.com/jobs/512341
Senior Full Stack Engineer,NOCD,"Chicago, IL",https://stackoverflow.com/jobs/512069
Digital - API - Lead Software Engineer - SDKs and Connectors,FactSet,"Boston, MA",https://stackoverflow.com/jobs/465686
Technical Lead (Backend) (M/F/D),VMRay,"Bochum, Deutschland",https://stackoverflow.com/jobs/443585
Python Backend Engineer,Skillhouse Staffing Solutions,"Tokyo, Japan",https://stackoverflow.com/jobs/465919
Fullstack Web Developer,Smart Energy Lab,"Lisbon, Portugal",https://stackoverflow.com/jobs/465125
Développeur-euse Fullstack (Python/Flask),Fintel SAS,"Marseille, France",https://stackoverflow.com/jobs/465113
Software Engineering,"JPMorgan Chase Bank, N.A.","Bengaluru, India",https://stackoverflow.com/jobs/511193
Python Software Engineer (40h/wk),Channable,"Utrecht, Netherlands",https://stackoverflow.com/jobs/265091
Senior Software Engineer,"JPMorgan Chase Bank, N.A.","Hyderabad, India",https://stackoverflow.com/jobs/510995
Senior Backend Engineer (m/f/d) - Python,Motius GmbH,"München, Deutschland",https://stackoverflow.com/jobs/510711
"Full Stack Engineer, Data Platform",Bright Cellars,No office location,https://stackoverflow.com/jobs/510710
Senior Python Backend Engineer,Kranus Health GmbH,"München, Deutschland",https://stackoverflow.com/jobs/493234
Senior Backend Python Developer (Copenhagen),GameAnalytics,"Copenhagen, Denmark",https://stackoverflow.com/jobs/510434
Full Stack Software Engineer,kaliber.ai,"San Francisco, CA",https://stackoverflow.com/jobs/251476
Python Software Developer,UBIMET GmbH,"Wien, Österreich",https://stackoverflow.com/jobs/412367
Software Engineer - Public Cloud,"JPMorgan Chase Bank, N.A.","Bengaluru, India",https://stackoverflow.com/jobs/509816
DevOps Software Engineer (Data Engineering Team) - DU Grade,Lloyds Banking Group,"London, UK",https://stackoverflow.com/jobs/492573
Sr. Python Software Engineer,Global Reach Consulting LLC,"Reston, VA",https://stackoverflow.com/jobs/417839
Senior Fullstack Python Developer,Backtracks,"Austin, TX",https://stackoverflow.com/jobs/509421
Python Developer/ Trading Systems Engineer,Huxley Banking & Financial ServicesviaHuxley (US),"New York, NY",https://stackoverflow.com/jobs/509419
Backend Engineer,Hiretual,"Mountain View, CA",https://stackoverflow.com/jobs/509331
Senior Backend Engineer (Python),HealthJoy,No office location,https://stackoverflow.com/jobs/454589
Senior Python Engineer,YouGov,No office location,https://stackoverflow.com/jobs/509007
Senior Superhero Python Developer to protect the Bank from counterparty risk,Deutsche BankviaJWiderberg Inc. DBA Insight Resource Group,"New York, NY",https://stackoverflow.com/jobs/453533
Python Service Developer (m/w/d),Enote GmbH,"Berlin, Deutschland",https://stackoverflow.com/jobs/508338
Senior Software Feature Engineer,Lime,"Lund, Sweden",https://stackoverflow.com/jobs/427743
Senior Software Developer Python (m/f/d),Ströer Online Marketing,"Hamburg, Deutschland",https://stackoverflow.com/jobs/462625
Support Engineer,Postscript,No office location,https://stackoverflow.com/jobs/474775
Senior Backend Engineer,Crowdskout,No office location,https://stackoverflow.com/jobs/502018
Senior Python Developer,Spiria,"Oakville, ON, Canada",https://stackoverflow.com/jobs/506445
Python Engineer for Ancillaries Tribe,Kiwi.com,"Brno, Czechia",https://stackoverflow.com/jobs/451951
"Full Stack Software Developer - Python, MySQL, VueJS",Tails.com,"Richmond, UK",https://stackoverflow.com/jobs/487607
Engineering Manager,Postscript,No office location,https://stackoverflow.com/jobs/505270
Ensembl Production Software Developer,European Bioinformatics Institute (EMBL-EBI),"Hinxton, UK",https://stackoverflow.com/jobs/504946
Python Developer suchen Kollegen (m/w/d),solute GmbH,"Karlsruhe, Deutschland",https://stackoverflow.com/jobs/284443
Software Engineer - Fullstack,Yelp,"London, UK",https://stackoverflow.com/jobs/504917
SENIOR FULL STACK DEVELOPER .NET,FELFEL,"Zürich, Switzerland",https://stackoverflow.com/jobs/504906
BUSINESS INTELLIGENCE ENGINEER,FELFEL,"Zürich, Switzerland",https://stackoverflow.com/jobs/504905
(Junior) Python Software Developer (m/w/d),ENERCON GmbH,"Bremen, Deutschland",https://stackoverflow.com/jobs/487071
Senior DevOps Engineer,Postscript,No office location,https://stackoverflow.com/jobs/469781
Senior Backend Engineer (m/w/x) - remote possible,Jimdo,"Hamburg, Germany",https://stackoverflow.com/jobs/435270
Senior Full Stack Engineer,"UrbanFootprint, Inc.","Berkeley, CA",https://stackoverflow.com/jobs/486612
Senior Backend Engineer,Penn Interactive Ventures,"Philadelphia, PA",https://stackoverflow.com/jobs/472047
"Full Stack Software Engineer (Python, Vue, Shopify)",Opinew,No office location,https://stackoverflow.com/jobs/503426
Lead Developer Backend / Softwarearchitekt (m/w/d) Python/Django,Bundesdruckerei GmbH,"Hamburg, Deutschland",https://stackoverflow.com/jobs/485922
Sr. Python Web Developer,RavenPack International SL.,"Marbella, Spain",https://stackoverflow.com/jobs/470988
Senior Backend Software Engineer,Cambly,"San Francisco, CA",https://stackoverflow.com/jobs/459158
Staff Software Development Engineer,ReCharge Payments,No office location,https://stackoverflow.com/jobs/469142
Backend Technical Architect (Python),ReCharge Payments,No office location,https://stackoverflow.com/jobs/502015
Software Architect - Remote,SemanticBits,No office location,https://stackoverflow.com/jobs/501832
Senior Marketing Software Engineer (Python) - 5605,"Chewy, Inc.","Dania Beach, FL",https://stackoverflow.com/jobs/501814
Python Developer,Addison Group,"Washington, DC",https://stackoverflow.com/jobs/501812
Senior Python Developer,Outliant,No office location,https://stackoverflow.com/jobs/501800
"Lead Engineer - Python, MySQL, VueJS",Tails.com,"Richmond, UK",https://stackoverflow.com/jobs/391983
Senior Cloud Developer (m/f/d),Enote GmbH,"Berlin, Deutschland",https://stackoverflow.com/jobs/485409
Backend Engineer (m/f/d),Smartlane GmbH,"München, Germany",https://stackoverflow.com/jobs/485063
Java Developer,Bianor,"Sofia, Bulgaria",https://stackoverflow.com/jobs/458466
Platform Architect,Wine Retriever LLC,"Farmers Branch, TX",https://stackoverflow.com/jobs/484840
Full Stack Engineer - f/m/x,door2door,"Berlin, Germany",https://stackoverflow.com/jobs/500539
Python Software Engineer (40h/wk),Channable,"Utrecht, Netherlands",https://stackoverflow.com/jobs/458136
Senior Python Developer,"Perch Security, Inc.",No office location,https://stackoverflow.com/jobs/500468
DevOps Engineer with interesting scale up challenges,Channable,"Utrecht, Netherlands",https://stackoverflow.com/jobs/500253
Senior Backend Engineer,"Find Your Info, Corp",No office location,https://stackoverflow.com/jobs/469150
Python Developer II,Flashpoint,No office location,https://stackoverflow.com/jobs/483496
Senior Platform Engineer,Aiven Australia Pty Ltd,"The Rocks, Australia",https://stackoverflow.com/jobs/483232
Looking for an Amazing Senior Python Developer,Tech9,"Pune, India",https://stackoverflow.com/jobs/468707
(Senior) Backend Python Developer (m/f/x),Alasco,"München, Germany",https://stackoverflow.com/jobs/388312
Full Stack Engineer / Server Programmer,kwalee Ltd,"Bengaluru, India",https://stackoverflow.com/jobs/498098
Senior Software Engineer - Python,DIGARC,No office location,https://stackoverflow.com/jobs/425402
Mid - Senior Software Developer (Ruby on Rails),ScoutAPM,No office location,https://stackoverflow.com/jobs/496624
Frontend Software Engineer (m/f/d) - Industrial Data Science and Software,Smart Steel Technologies GmbH,"Berlin, Germany",https://stackoverflow.com/jobs/307564
Backend Engineer,Gordian Software,No office location,https://stackoverflow.com/jobs/474790
DevOps Engineer,Density,No office location,https://stackoverflow.com/jobs/481185
Senior Software Engineer (Python),Longshot Systems Ltd,"London, UK",https://stackoverflow.com/jobs/497027
Backend Engineer - Working Student (m/f/d),Motius GmbH,"München, Deutschland",https://stackoverflow.com/jobs/456520
Software Engineer (Backend) (m/f/d),QuantCo,"Berlin, Germany",https://stackoverflow.com/jobs/409511
